{"cameraMode":{"drawMode":0,"name":"Shaded","section":"Shading Mode"},"sceneLighting":true,"audioPlay":false,"sceneViewState":{"showFog":true,"showMaterialUpdate":false,"showSkybox":true,"showFlares":true,"showImageEffects":true,"showParticleSystems":true},"in2DMode":false,"pivot":{"x":5.408265113830566,"y":-0.16097640991210938,"z":-3.6229896545410158},"rotation":{"x":-0.0483304038643837,"y":0.9513680338859558,"z":-0.227085679769516,"w":-0.20247745513916017},"size":19.316936492919923,"orthographic":false}